{"cameraMode":{"drawMode":0,"name":"Shaded","section":"Shading Mode"},"sceneLighting":true,"audioPlay":false,"sceneViewState":{"m_AlwaysRefresh":false,"showFog":true,"showSkybox":true,"showFlares":true,"showImageEffects":true,"showParticleSystems":true,"showVisualEffectGraphs":true,"m_FxEnabled":true},"in2DMode":false,"pivot":{"x":-1.6874594688415528,"y":0.40959882736206057,"z":0.03884017467498779},"rotation":{"x":-0.37383052706718447,"y":-0.4881788492202759,"z":0.24329352378845216,"w":-0.7501949667930603},"size":2.0647172927856447,"orthographic":false}