{"cameraMode":{"drawMode":0,"name":"Shaded","section":"Shading Mode"},"sceneLighting":false,"audioPlay":false,"sceneViewState":{"m_AlwaysRefresh":false,"showFog":false,"showSkybox":false,"showFlares":false,"showImageEffects":false,"showParticleSystems":false,"showVisualEffectGraphs":true,"m_FxEnabled":true},"in2DMode":false,"pivot":{"x":-0.0010567903518676758,"y":1.218878984451294,"z":-0.009418338537216187},"rotation":{"x":0.02489396557211876,"y":0.9605216979980469,"z":-0.09134331345558167,"w":0.261817991733551},"size":1.891883373260498,"orthographic":false}