{"cameraMode":{"drawMode":0,"name":"Shaded","section":"Shading Mode"},"sceneLighting":true,"audioPlay":false,"sceneViewState":{"m_AlwaysRefresh":false,"showFog":true,"showSkybox":true,"showFlares":true,"showImageEffects":true,"showParticleSystems":true,"showVisualEffectGraphs":true,"m_FxEnabled":true},"in2DMode":false,"pivot":{"x":3.865159749984741,"y":0.7151236534118652,"z":1.3250877857208253},"rotation":{"x":0.022686071693897249,"y":-0.9121687412261963,"z":0.050959113985300067,"w":0.40602630376815798},"size":1.2247449159622193,"orthographic":false}